Equation;Row;Variable;Intercept;PrioRecolte;vp;Sdom;Col1;Col2;Col3;Col4;Col5;Col6;Col7;Col8;Col9;Col10;Col11;Col12;Col13;Col14;Col15;Col16;Col17;Col18;Col19;Col20;Col21
1;1;Intercept;A;;;;0.107256;-0.06297;-0.06477;-0.06346;-0.00227;-0.04434;-0.04378;-0.04416;-0.04403;-0.04392;-0.04372;-0.04365;0.002236;0.002294;0.002269;0;0;0;0;0;0
1;2;PRIORECOL;;C;;;-0.06297;0.186131;0.063404;0.063416;0.002265;0.000067;-0.00052;-0.00064;-0.0003;-0.0004;-0.00038;-0.00066;-0.00675;-0.00226;-0.00226;0;0;0;0;0;0
1;3;PRIORECOL;;R;;;-0.06477;0.063404;0.356696;0.063403;0.002265;0.001521;0.001367;0.001315;0.001585;0.001513;0.000502;0.001095;-0.00226;-0.01328;-0.00226;0;0;0;0;0;0
1;4;PRIORECOL;;S;;;-0.06346;0.063416;0.063403;0.18112;0.002264;0.000827;0.000035;-0.00017;0.000475;-0.00006;0.000065;0.000072;-0.00226;-0.00226;-0.00648;0;0;0;0;0;0
1;5;Dhpcm;;;;;-0.00227;0.002265;0.002265;0.002264;0.000082;0.000022;1.05E-06;0.000015;8.07E-06;4.49E-06;5.23E-06;-5.43E-06;-0.00008;-0.00008;-0.00008;0;0;0;0;0;0
1;6;Sdom;;;;1;-0.04434;0.000067;0.001521;0.000827;0.000022;0.099822;0.043609;0.043609;0.043625;0.043628;0.043539;0.043626;0.00001;-0.00004;-0.00003;0;0;0;0;0;0
1;7;Sdom;;;;2EST;-0.04378;-0.00052;0.001367;0.000035;1.05E-06;0.043609;0.051427;0.043635;0.04365;0.043661;0.04355;0.043659;0.000031;-0.00003;-3.85E-06;0;0;0;0;0;0
1;8;Sdom;;;;2OUEST;-0.04416;-0.00064;0.001315;-0.00017;0.000015;0.043609;0.043635;0.048952;0.043649;0.04366;0.043551;0.043654;0.000033;-0.00003;3.60E-06;0;0;0;0;0;0
1;9;Sdom;;;;3EST;-0.04403;-0.0003;0.001585;0.000475;8.07E-06;0.043625;0.04365;0.043649;0.045576;0.043676;0.043552;0.043674;0.000025;-0.00004;-0.00002;0;0;0;0;0;0
1;10;Sdom;;;;3OUEST;-0.04392;-0.0004;0.001513;-0.00006;4.49E-06;0.043628;0.043661;0.04366;0.043676;0.044357;0.043559;0.043686;0.000029;-0.00003;-8.82E-07;0;0;0;0;0;0
1;11;Sdom;;;;4EST;-0.04372;-0.00038;0.000502;0.000065;5.23E-06;0.043539;0.04355;0.043551;0.043552;0.043559;0.04581;0.043557;0.000018;-0.00001;-5.67E-06;0;0;0;0;0;0
1;12;Sdom;;;;4OUEST;-0.04365;-0.00066;0.001095;0.000072;-5.43E-06;0.043626;0.043659;0.043654;0.043674;0.043686;0.043557;0.045577;0.000039;-0.00002;-4.90E-06;0;0;0;0;0;0
1;13;Dhpcm*PRIORECOL;;C;;;0.002236;-0.00675;-0.00226;-0.00226;-0.00008;0.00001;0.000031;0.000033;0.000025;0.000029;0.000018;0.000039;0.000247;0.000082;0.000082;0;0;0;0;0;0
1;14;Dhpcm*PRIORECOL;;R;;;0.002294;-0.00226;-0.01328;-0.00226;-0.00008;-0.00004;-0.00003;-0.00003;-0.00004;-0.00003;-0.00001;-0.00002;0.000082;0.0005;0.000082;0;0;0;0;0;0
1;15;Dhpcm*PRIORECOL;;S;;;0.002269;-0.00226;-0.00226;-0.00648;-0.00008;-0.00003;-3.85E-06;3.60E-06;-0.00002;-8.82E-07;-5.67E-06;-4.90E-06;0.000082;0.000082;0.000234;0;0;0;0;0;0
2;16;Intercept;A;;;;0.171655;0.170608;-0.00259;-0.00374;-0.00178;-0.00457;0.003205;-0.00123;-0.00138;-0.00141;-0.0015;-0.00112;-0.00107;-0.00019;0;0;0;0;0;0;0
2;17;Intercept;B;;;;0.170608;0.170508;-0.0021;-0.00318;-0.00143;-0.00456;0.003235;-0.00118;-0.00136;-0.00141;-0.00147;-0.00114;-0.00113;-0.00019;0;0;0;0;0;0;0
2;18;PRIORECOL;;C;;;-0.00259;-0.0021;0.002703;0.001571;0.001404;0.000024;-0.00001;0.000163;0.00003;0.000063;0.000128;-0.00021;0.000094;5.98E-06;0;0;0;0;0;0;0
2;19;PRIORECOL;;R;;;-0.00374;-0.00318;0.001571;0.003262;0.001433;0.000052;-0.00005;0.000108;0.000092;0.000114;0.000132;-0.00027;0.00011;9.13E-06;0;0;0;0;0;0;0
2;20;PRIORECOL;;S;;;-0.00178;-0.00143;0.001404;0.001433;0.002758;7.27E-06;-0.00021;0.000064;7.37E-06;0.000056;5.49E-06;-0.00003;-3.09E-06;3.00E-06;0;0;0;0;0;0;0
2;21;Dhpcm;;;;;-0.00457;-0.00456;0.000024;0.000052;7.27E-06;0.000128;-0.00002;0.000031;0.000017;-1.57E-06;-2.00E-06;1.57E-06;-9.70E-06;-6.65E-07;0;0;0;0;0;0;0
2;22;Sdom;;;;1;0.003205;0.003235;-0.00001;-0.00005;-0.00021;-0.00002;0.021464;-0.00292;-0.00295;-0.00217;-0.00199;-0.00215;-0.00214;-0.00002;0;0;0;0;0;0;0
2;23;Sdom;;;;2EST;-0.00123;-0.00118;0.000163;0.000108;0.000064;0.000031;-0.00292;0.007897;-0.00068;0.000095;0.000269;0.000105;0.000119;-0.00001;0;0;0;0;0;0;0
2;24;Sdom;;;;2OUEST;-0.00138;-0.00136;0.00003;0.000092;7.37E-06;0.000017;-0.00295;-0.00068;0.007677;0.000157;0.000317;0.000148;0.000174;0.000013;0;0;0;0;0;0;0
2;25;Sdom;;;;3EST;-0.00141;-0.00141;0.000063;0.000114;0.000056;-1.57E-06;-0.00217;0.000095;0.000157;0.003054;0.001085;0.000913;0.000945;9.47E-06;0;0;0;0;0;0;0
2;26;Sdom;;;;3OUEST;-0.0015;-0.00147;0.000128;0.000132;5.49E-06;-2.00E-06;-0.00199;0.000269;0.000317;0.001085;0.002072;0.001069;0.001109;6.26E-06;0;0;0;0;0;0;0
2;27;Sdom;;;;4EST;-0.00112;-0.00114;-0.00021;-0.00027;-0.00003;1.57E-06;-0.00215;0.000105;0.000148;0.000913;0.001069;0.002999;0.000926;4.60E-07;0;0;0;0;0;0;0
2;28;Sdom;;;;4OUEST;-0.00107;-0.00113;0.000094;0.00011;-3.09E-06;-9.70E-06;-0.00214;0.000119;0.000174;0.000945;0.001109;0.000926;0.002933;7.30E-06;0;0;0;0;0;0;0
2;29;sum_st_ha;;;;;-0.00019;-0.00019;5.98E-06;9.13E-06;3.00E-06;-6.65E-07;-0.00002;-0.00001;0.000013;9.47E-06;6.26E-06;4.60E-07;7.30E-06;8.52E-06;0;0;0;0;0;0;0
3;30;Intercept;A;;;;0.082309123;0.081878214;0.081703989;-0.040188771;-0.039629821;-0.039182198;-0.000589424;-0.039858013;-0.040964092;-0.042066074;-0.04197405;-0.042206844;-0.041067457;-0.042334819;-0.000421126;0.000395288;0.000404308;0.00040831;0.000592144;0.000575971;0.000573621
3;31;Intercept;B;;;;0.081878214;0.081909247;0.081690679;-0.04016096;-0.039449196;-0.039082575;-0.000590264;-0.039762366;-0.040889705;-0.041981163;-0.041918459;-0.042120474;-0.041023941;-0.042300396;-0.000420864;0.000396461;0.000402821;0.00040936;0.000595586;0.000579846;0.000572718
3;32;Intercept;C;;;;0.081703989;0.081690679;0.082162237;-0.040160038;-0.039381655;-0.039059935;-0.000597169;-0.03962621;-0.040777549;-0.041855541;-0.041832082;-0.041990919;-0.040950572;-0.042252947;-0.000419222;0.000395316;0.000400968;0.000409396;0.000603202;0.000586911;0.000577084
3;33;PRIORECOL;;C;;;-0.040188771;-0.04016096;-0.040160038;0.114255535;0.039970506;0.03961372;0.000585209;0.000306903;0.000725286;0.00032749;0.000288497;0.000539949;-0.000290255;0.00044125;0.000413851;-0.000956752;-0.000413222;-0.000412245;-0.001887657;-0.000587708;-0.000582095
3;34;PRIORECOL;;R;;;-0.039629821;-0.039449196;-0.039381655;0.039970506;0.190967105;0.039736536;0.000587323;-0.000173651;-0.000218276;-0.000393577;-0.000342011;-0.0003746;-0.001591968;-0.000252198;0.000414879;-0.00041331;-0.001066075;-0.000411926;-0.000584642;-0.003595667;-0.000583389
3;35;PRIORECOL;;S;;;-0.039182198;-0.039082575;-0.039059935;0.03961372;0.039736536;0.099817277;0.000580903;-0.000170672;-0.000429106;-0.000583441;-0.000468922;-0.000490631;-0.000728494;-0.000379987;0.000412744;-0.00041277;-0.000413302;-0.000938627;-0.000580123;-0.000581879;-0.001551215
3;36;Dhpcm;;;;;-0.000589424;-0.000590264;-0.000597169;0.000585209;0.000587323;0.000580903;1.39038E-05;-2.76575E-05;-1.1723E-05;-2.06145E-06;2.73383E-07;1.8429E-06;-1.49481E-05;4.99314E-06;-2.78032E-06;2.85509E-06;2.93276E-06;2.89269E-06;-1.37704E-05;-1.386E-05;-1.37034E-05
3;37;Sdom;;;;1;-0.039858013;-0.039762366;-0.03962621;0.000306903;-0.000173651;-0.000170672;-2.76575E-05;0.058028269;0.042109285;0.041939228;0.041928223;0.041934114;0.04199918;0.041872796;-3.30702E-05;3.07149E-05;6.35142E-06;2.49888E-06;-2.23247E-05;-4.60363E-06;-6.76371E-07
3;38;Sdom;;;;2EST;-0.040964092;-0.040889705;-0.040777549;0.000725286;-0.000218276;-0.000429106;-1.1723E-05;0.042109285;0.047319705;0.04194607;0.041930058;0.041940195;0.041962003;0.041897994;-1.976E-05;2.48308E-05;3.50335E-06;6.35812E-06;-2.70712E-05;2.65667E-07;4.51875E-06
3;39;Sdom;;;;2OUEST;-0.042066074;-0.041981163;-0.041855541;0.00032749;-0.000393577;-0.000583441;-2.06145E-06;0.041939228;0.04194607;0.050696953;0.041951468;0.041970449;0.041940916;0.041940793;2.47359E-06;2.79069E-05;1.77805E-06;3.96632E-06;-1.82713E-05;7.96967E-06;1.07483E-05
3;40;Sdom;;;;3EST;-0.04197405;-0.041918459;-0.041832082;0.000288497;-0.000342011;-0.000468922;2.73383E-07;0.041928223;0.041930058;0.041951468;0.043789495;0.041951123;0.041922958;0.041930358;-3.06635E-06;2.43621E-05;1.22781E-05;5.9274E-06;-1.5906E-05;1.34684E-06;6.16515E-06
3;41;Sdom;;;;3OUEST;-0.042206844;-0.042120474;-0.041990919;0.000539949;-0.0003746;-0.000490631;1.8429E-06;0.041934114;0.041940195;0.041970449;0.041951123;0.042706993;0.041930879;0.041948254;5.12289E-07;1.76876E-05;9.30213E-06;4.34334E-06;-1.58681E-05;4.8371E-06;6.52306E-06
3;42;Sdom;;;;4EST;-0.041067457;-0.041023941;-0.040950572;-0.000290255;-0.001591968;-0.000728494;-1.49481E-05;0.04199918;0.041962003;0.041940916;0.041922958;0.041930879;0.04368721;0.041902819;-6.63255E-06;2.20312E-05;9.49732E-06;3.19186E-06;-5.08463E-06;2.59407E-05;1.21451E-05
3;43;Sdom;;;;4OUEST;-0.042334819;-0.042300396;-0.042252947;0.00044125;-0.000252198;-0.000379987;4.99314E-06;0.041872796;0.041897994;0.041940793;0.041930358;0.041948254;0.041902819;0.043952993;2.4349E-06;1.8518E-05;7.95521E-06;7.26437E-07;-1.44187E-05;3.44811E-06;7.0651E-06
3;44;sum_st_ha;;;;;-0.000421126;-0.000420864;-0.000419222;0.000413851;0.000414879;0.000412744;-2.78032E-06;-3.30702E-05;-1.976E-05;2.47359E-06;-3.06635E-06;5.12289E-07;-6.63255E-06;2.4349E-06;2.13344E-05;-2.12361E-05;-2.11766E-05;-2.1194E-05;2.94814E-06;2.90686E-06;2.91961E-06
3;45;sum_st_ha*PRIORECOL;;C;;;0.000395288;0.000396461;0.000395316;-0.000956752;-0.00041331;-0.00041277;2.85509E-06;3.07149E-05;2.48308E-05;2.79069E-05;2.43621E-05;1.76876E-05;2.20312E-05;1.8518E-05;-2.12361E-05;4.93915E-05;2.11833E-05;2.11951E-05;-6.70866E-06;-2.89213E-06;-2.90245E-06
3;46;sum_st_ha*PRIORECOL;;R;;;0.000404308;0.000402821;0.000400968;-0.000413222;-0.001066075;-0.000413302;2.93276E-06;6.35142E-06;3.50335E-06;1.77805E-06;1.22781E-05;9.30213E-06;9.49732E-06;7.95521E-06;-2.11766E-05;2.11833E-05;5.84849E-05;2.11852E-05;-2.91987E-06;-9.57867E-06;-2.9059E-06
3;47;sum_st_ha*PRIORECOL;;S;;;0.00040831;0.00040936;0.000409396;-0.000412245;-0.000411926;-0.000938627;2.89269E-06;2.49888E-06;6.35812E-06;3.96632E-06;5.9274E-06;4.34334E-06;3.19186E-06;7.26437E-07;-2.1194E-05;2.11951E-05;2.11852E-05;4.95975E-05;-2.9025E-06;-2.89992E-06;-7.24217E-06
3;48;Dhpcm*PRIORECOL;;C;;;0.000592144;0.000595586;0.000603202;-0.001887657;-0.000584642;-0.000580123;-1.37704E-05;-2.23247E-05;-2.70712E-05;-1.82713E-05;-1.5906E-05;-1.58681E-05;-5.08463E-06;-1.44187E-05;2.94814E-06;-6.70866E-06;-2.91987E-06;-2.9025E-06;4.45409E-05;1.38907E-05;1.37167E-05
3;49;Dhpcm*PRIORECOL;;R;;;0.000575971;0.000579846;0.000586911;-0.000587708;-0.003595667;-0.000581879;-1.386E-05;-4.60363E-06;2.65667E-07;7.96967E-06;1.34684E-06;4.8371E-06;2.59407E-05;3.44811E-06;2.90686E-06;-2.89213E-06;-9.57867E-06;-2.89992E-06;1.38907E-05;8.60037E-05;1.37471E-05
3;50;Dhpcm*PRIORECOL;;S;;;0.000573621;0.000572718;0.000577084;-0.000582095;-0.000583389;-0.001551215;-1.37034E-05;-6.76371E-07;4.51875E-06;1.07483E-05;6.16515E-06;6.52306E-06;1.21451E-05;7.0651E-06;2.91961E-06;-2.90245E-06;-2.9059E-06;-7.24217E-06;1.37167E-05;1.37471E-05;3.67738E-05
