Equation;Row;Variable;Intercept;PrioRecolte;vp;Sdom;Col1;Col2;Col3;Col4;Col5;Col6;Col7;Col8;Col9;Col10;Col11;Col12;Col13;Col14;Col15;Col16;Col17;Col18;Col19
1;1;Intercept;A;;;;0.08162507;-0.046806537;-0.046997823;-0.046784232;-0.001734253;-0.032140394;-0.032259149;-0.032389234;-0.032394603;-0.032496803;-0.032489667;-0.033081897;-0.03281235;-0.033394656;-8.27955E-05;2.92362E-05;0.001717784;0.001725292;0.001714796
1;2;PRIORECOL;;C;;;-0.046806537;0.208125379;0.048375278;0.048391971;0.001753611;-0.000515137;-0.000734477;-0.000985197;-0.000697897;-0.001330497;-0.001000793;-0.000674933;-0.000800418;-0.000639713;-2.04987E-05;-7.36166E-06;-0.007731144;-0.001756896;-0.00175838
1;3;PRIORECOL;;R;;;-0.046997823;0.048375278;0.178038647;0.048518925;0.001756256;-0.000664393;-0.000580903;-0.000338514;-0.000281038;-0.001014921;-0.000541799;-0.000192621;-0.000523043;0.000414394;-2.15913E-05;-0.000156067;-0.001755323;-0.006622105;-0.001760095
1;4;PRIORECOL;;S;;;-0.046784232;0.048391971;0.048518925;0.182264724;0.001757829;-0.000829175;-0.000952951;-0.000898224;-0.000789579;-0.001318429;-0.000981294;-0.000491035;-0.000608206;-0.000404641;-2.19029E-05;-0.000106381;-0.001755494;-0.001757942;-0.006724173
1;5;Dhpcm;;;;;-0.001734253;0.001753611;0.001756256;0.001757829;6.47482E-05;-1.68938E-05;-2.30286E-05;-1.60017E-05;-2.21246E-05;-1.42967E-05;-2.35182E-05;6.45962E-06;-1.38807E-05;9.20039E-06;-4.51669E-07;9.37432E-08;-6.44435E-05;-6.45014E-05;-6.45895E-05
1;6;sum_st_ha;;;;;-0.032140394;-0.000515137;-0.000664393;-0.000829175;-1.68938E-05;0.092425015;0.049520287;0.043217077;0.044836815;0.040674724;0.039750782;0.036538592;0.03679184;0.031780738;-8.72561E-06;-0.003476597;9.95364E-06;2.56377E-05;3.26765E-05
1;7;Sdom;;;;2EST;-0.032259149;-0.000734477;-0.000580903;-0.000952951;-2.30286E-05;0.049520287;0.070562394;0.042873491;0.044458351;0.040391286;0.039542767;0.036408038;0.036688091;0.031834757;2.48278E-06;-0.003386036;2.34505E-05;2.64411E-05;4.23031E-05
1;8;Sdom;;;;2OUEST;-0.032389234;-0.000985197;-0.000338514;-0.000898224;-1.60017E-05;0.043217077;0.042873491;0.043465669;0.040080121;0.037591945;0.037045002;0.035117808;0.035276992;0.032282526;-2.62792E-06;-0.002078405;3.19223E-05;1.31423E-05;3.3345E-05
1;9;Sdom;;;;3EST;-0.032394603;-0.000697897;-0.000281038;-0.000789579;-2.21246E-05;0.044836815;0.044458351;0.040080121;0.043041091;0.038340252;0.037718845;0.035445554;0.03566391;0.032168291;6.30234E-06;-0.002412612;2.06555E-05;6.10639E-06;2.7967E-05
1;10;Sdom;;;;3OUEST;-0.032496803;-0.001330497;-0.001014921;-0.001318429;-1.42967E-05;0.040674724;0.040391286;0.037591945;0.038340252;0.038090485;0.036070189;0.034608037;0.034732185;0.032466791;5.86208E-07;-0.001530002;3.85177E-05;2.62515E-05;4.06827E-05
1;11;Sdom;;;;4EST;-0.032489667;-0.001000793;-0.000541799;-0.000981294;-2.35182E-05;0.039750782;0.039542767;0.037045002;0.037718845;0.036070189;0.036395962;0.03440281;0.034545529;0.032539742;9.59739E-06;-0.001371205;3.03044E-05;1.55821E-05;3.3127E-05
1;12;Sdom;;;;4OUEST;-0.033081897;-0.000674933;-0.000192621;-0.000491035;6.45962E-06;0.036538592;0.036408038;0.035117808;0.035445554;0.034608037;0.03440281;0.035984748;0.033793447;0.032766441;-2.24447E-06;-0.00070906;2.00472E-05;6.24046E-06;1.73606E-05
1;13;Sdom;;;;5EST;-0.03281235;-0.000800418;-0.000523043;-0.000608206;-1.38807E-05;0.03679184;0.036688091;0.035276992;0.03566391;0.034732185;0.034545529;0.033793447;0.035406384;0.032753993;1.03582E-05;-0.000773828;2.50323E-05;1.70835E-05;2.09327E-05
1;14;Sdom;;;;5OUEST;-0.033394656;-0.000639713;0.000414394;-0.000404641;9.20039E-06;0.031780738;0.031834757;0.032282526;0.032168291;0.032466791;0.032539742;0.032766441;0.032753993;0.097721893;5.27171E-06;0.000245952;2.28739E-05;-1.44271E-05;1.4879E-05
1;15;Sdom;;;;6EST;-8.27955E-05;-2.04987E-05;-2.15913E-05;-2.19029E-05;-4.51669E-07;-8.72561E-06;2.48278E-06;-2.62792E-06;6.30234E-06;5.86208E-07;9.59739E-06;-2.24447E-06;1.03582E-05;5.27171E-06;4.24279E-06;-2.35268E-06;5.82208E-07;5.34042E-07;6.13456E-07
1;16;tmoy;;;;;2.92362E-05;-7.36166E-06;-0.000156067;-0.000106381;9.37432E-08;-0.003476597;-0.003386036;-0.002078405;-0.002412612;-0.001530002;-0.001371205;-0.00070906;-0.000773828;0.000245952;-2.35268E-06;0.000730407;-3.80302E-06;6.52541E-07;-7.95442E-07
1;17;dhpcm*PRIORECOL;;C;;;0.001717784;-0.007731144;-0.001755323;-0.001755494;-6.44435E-05;9.95364E-06;2.34505E-05;3.19223E-05;2.06555E-05;3.85177E-05;3.03044E-05;2.00472E-05;2.50323E-05;2.28739E-05;5.82208E-07;-3.80302E-06;0.000290227;6.45797E-05;6.45924E-05
1;18;dhpcm*PRIORECOL;;R;;;0.001725292;-0.001756896;-0.006622105;-0.001757942;-6.45014E-05;2.56377E-05;2.64411E-05;1.31423E-05;6.10639E-06;2.62515E-05;1.55821E-05;6.24046E-06;1.70835E-05;-1.44271E-05;5.34042E-07;6.52541E-07;6.45797E-05;0.000248987;6.46122E-05
1;19;dhpcm*PRIORECOL;;S;;;0.001714796;-0.00175838;-0.001760095;-0.006724173;-6.45895E-05;3.26765E-05;4.23031E-05;3.3345E-05;2.7967E-05;4.06827E-05;3.3127E-05;1.73606E-05;2.09327E-05;1.4879E-05;6.13456E-07;-7.95442E-07;6.45924E-05;6.46122E-05;0.000250781
2;20;Intercept;A;;;;0.014478;0.01392;-0.01277;-0.01282;-0.01276;0.004555;0.000347;-0.00078;-0.0001;-0.00181;0.00000169;-0.00051;0.000488;0.000486;0.000487;0;0;0;0
2;21;Intercept;B;;;;0.01392;0.01455;-0.01234;-0.01236;-0.01254;0.004551;0.000351;-0.00075;-0.00014;-0.00178;-0.00004;-0.00051;0.000483;0.000483;0.000489;0;0;0;0
2;22;PRIORECOL;;C;;;-0.01277;-0.01234;0.054517;0.012664;0.012477;0.000509;-0.00009;-0.00029;-0.0008;0.000094;-0.00027;0.000493;-0.00207;-0.00049;-0.00048;0;0;0;0
2;23;PRIORECOL;;R;;;-0.01282;-0.01236;0.012664;0.040451;0.012507;-0.00023;-0.00003;-0.00044;-0.00055;0.000079;0.000245;0.000492;-0.00049;-0.00152;-0.00048;0;0;0;0
2;24;PRIORECOL;;S;;;-0.01276;-0.01254;0.012477;0.012507;0.037734;-0.00081;-0.00003;-0.00008;-0.00021;0.000229;0.000146;0.00049;-0.00048;-0.00048;-0.00146;0;0;0;0
2;25;Sdom;;;;2OUEST;0.004555;0.004551;0.000509;-0.00023;-0.00081;0.026348;-0.00482;-0.00391;-0.00439;-0.00384;-0.00503;-0.00003;-0.00005;-0.00002;0.00000815;0;0;0;0
2;26;Sdom;;;;3EST;0.000347;0.000351;-0.00009;-0.00003;-0.00003;-0.00482;0.008283;-0.0004;-0.00086;-0.00022;-0.00135;-0.00001;-0.00000016;-0.00000445;-0.00000622;0;0;0;0
2;27;Sdom;;;;3OUEST;-0.00078;-0.00075;-0.00029;-0.00044;-0.00008;-0.00391;-0.0004;0.003584;0.000086;0.000749;-0.00044;-0.00000207;0.00000533;0.00000478;-0.00000322;0;0;0;0
2;28;Sdom;;;;4EST;-0.0001;-0.00014;-0.0008;-0.00055;-0.00021;-0.00439;-0.00086;0.000086;0.005918;0.000277;-0.00088;-0.00001;0.000033;0.000011;-0.000000459;0;0;0;0
2;29;Sdom;;;;4OUEST;-0.00181;-0.00178;0.000094;0.000079;0.000229;-0.00384;-0.00022;0.000749;0.000277;0.002427;-0.00013;0.000022;-0.000000682;0.000000876;-0.00000547;0;0;0;0
2;30;Sdom;;;;5EST;0.00000169;-0.00004;-0.00027;0.000245;0.000146;-0.00503;-0.00135;-0.00044;-0.00088;-0.00013;0.008225;-0.00002;0.000033;0.000019;0.000019;0;0;0;0
2;31;sum_st_ha;;;;;-0.00051;-0.00051;0.000493;0.000492;0.00049;-0.00003;-0.00001;-0.00000207;-0.00001;0.000022;-0.00002;0.000022;-0.00002;-0.00002;-0.00002;0;0;0;0
2;32;sum_st_ha*PRIORECOL;;C;;;0.000488;0.000483;-0.00207;-0.00049;-0.00048;-0.00005;-0.00000016;0.00000533;0.000033;-0.000000682;0.000033;-0.00002;0.000088;0.000021;0.000021;0;0;0;0
2;33;sum_st_ha*PRIORECOL;;R;;;0.000486;0.000483;-0.00049;-0.00152;-0.00048;-0.00002;-0.00000445;0.00000478;0.000011;0.000000876;0.000019;-0.00002;0.000021;0.000064;0.000021;0;0;0;0
2;34;sum_st_ha*PRIORECOL;;S;;;0.000487;0.000489;-0.00048;-0.00048;-0.00146;0.00000815;-0.00000622;-0.00000322;-0.000000459;-0.00000547;0.000019;-0.00002;0.000021;0.000021;0.000064;0;0;0;0
3;35;Intercept;A;;;;0.307553895;0.307305745;0.307875908;-0.127155753;-0.140507331;-0.134202587;-0.003118672;-9.27198E-05;-0.000167769;0.002813323;0.003133004;0.002981963;0;0;0;0;0;0;0
3;36;Intercept;B;;;;0.307305745;0.308170396;0.308607532;-0.127400615;-0.140639815;-0.134081885;-0.003125195;-8.87691E-05;-0.000168123;0.00282751;0.003148007;0.002984513;0;0;0;0;0;0;0
3;37;Intercept;C;;;;0.307875908;0.308607532;0.310736979;-0.12781431;-0.140970868;-0.134309815;-0.00314077;-8.35866E-05;-0.000168636;0.002845954;0.003165857;0.002996591;0;0;0;0;0;0;0
3;38;PRIORECOL;;C;;;-0.127155753;-0.127400615;-0.12781431;1.290463603;0.136853466;0.137175109;0.003015554;-3.34998E-05;-8.88591E-06;-0.029439729;-0.0030168;-0.003022032;0;0;0;0;0;0;0
3;39;PRIORECOL;;R;;;-0.140507331;-0.140639815;-0.140970868;0.136853466;1.221914943;0.137198821;0.003025916;-6.33742E-05;4.90131E-06;-0.003016999;-0.028264272;-0.003023222;0;0;0;0;0;0;0
3;40;PRIORECOL;;S;;;-0.134202587;-0.134081885;-0.134309815;0.137175109;0.137198821;0.584299209;0.003022436;-9.49325E-05;-8.79173E-07;-0.003020839;-0.00301945;-0.013118502;0;0;0;0;0;0;0
3;41;dhpcm;;;;;-0.003118672;-0.003125195;-0.00314077;0.003015554;0.003025916;0.003022436;6.7706E-05;-1.58367E-06;1.37311E-07;-6.75031E-05;-6.77592E-05;-6.75986E-05;0;0;0;0;0;0;0
3;42;sum_st_ha;;;;;-9.27198E-05;-8.87691E-05;-8.35866E-05;-3.34998E-05;-6.33742E-05;-9.49325E-05;-1.58367E-06;1.4995E-05;-1.93564E-07;8.12537E-07;1.25763E-06;1.97675E-06;0;0;0;0;0;0;0
3;43;ptot;;;;;-0.000167769;-0.000168123;-0.000168636;-8.88591E-06;4.90131E-06;-8.79173E-07;1.37311E-07;-1.93564E-07;1.70539E-07;1.77342E-07;-1.49213E-07;-7.22697E-09;0;0;0;0;0;0;0
3;44;dhpcm*PRIORECOL;;C;;;0.002813323;0.00282751;0.002845954;-0.029439729;-0.003016999;-0.003020839;-6.75031E-05;8.12537E-07;1.77342E-07;0.000677692;6.76186E-05;6.75805E-05;0;0;0;0;0;0;0
3;45;dhpcm*PRIORECOL;;R;;;0.003133004;0.003148007;0.003165857;-0.0030168;-0.028264272;-0.00301945;-6.77592E-05;1.25763E-06;-1.49213E-07;6.76186E-05;0.000658747;6.75934E-05;0;0;0;0;0;0;0
3;46;dhpcm*PRIORECOL;;S;;;0.002981963;0.002984513;0.002996591;-0.003022032;-0.003023222;-0.013118502;-6.75986E-05;1.97675E-06;-7.22697E-09;6.75805E-05;6.75934E-05;0.000297858;0;0;0;0;0;0;0
